channel_id	source	bias	D	p.value
UC_gE-kg7JvuwCNlbZ1-shlA	comments	immigration	1.26075693245314	0
UC_gE-kg7JvuwCNlbZ1-shlA	transcript	immigration	1.59143866466576	0
UC_gE-kg7JvuwCNlbZ1-shlA	comments	religion	0.58987773415755	0.228571428571429
UC_gE-kg7JvuwCNlbZ1-shlA	transcript	religion	1.53523232910315	0
UC_gE-kg7JvuwCNlbZ1-shlA	comments	sexuality	0.182806863348648	0.4
UC_gE-kg7JvuwCNlbZ1-shlA	transcript	sexuality	1.56094073965064	0.0142857142857143
UC11PvrGPzo6Y7Zc6-e9cAKg	comments	immigration	-1.3434708506592	0.666666666666667
UC11PvrGPzo6Y7Zc6-e9cAKg	transcript	immigration	1.83568317629173	0
UC11PvrGPzo6Y7Zc6-e9cAKg	comments	religion	1.19151918245407	0.0428571428571429
UC11PvrGPzo6Y7Zc6-e9cAKg	transcript	religion	1.62107376948641	0.0142857142857143
UC11PvrGPzo6Y7Zc6-e9cAKg	comments	sexuality	0.897955457178301	0.0857142857142857
UC11PvrGPzo6Y7Zc6-e9cAKg	transcript	sexuality	1.27737177138747	0.0285714285714286
UC1yBKRuGpC1tSM73A0ZjYjQ	comments	immigration	0.953550531129112	0.166666666666667
UC1yBKRuGpC1tSM73A0ZjYjQ	transcript	immigration	1.87394996844151	0
UC1yBKRuGpC1tSM73A0ZjYjQ	comments	religion	0.94648477334641	0.1
UC1yBKRuGpC1tSM73A0ZjYjQ	transcript	religion	1.59246308022068	0
UC1yBKRuGpC1tSM73A0ZjYjQ	comments	sexuality	0.840836507163588	0.114285714285714
UC1yBKRuGpC1tSM73A0ZjYjQ	transcript	sexuality	0.101770427999545	0.442857142857143
UC3P0x8HufuxSNkOiH-25ODQ	comments	immigration	1.64326470176568	0
UC3P0x8HufuxSNkOiH-25ODQ	transcript	immigration	1.95563584779315	0
UC3P0x8HufuxSNkOiH-25ODQ	comments	religion	1.15348100729787	0.0428571428571429
UC3P0x8HufuxSNkOiH-25ODQ	transcript	religion	1.44048038521694	0
UC3P0x8HufuxSNkOiH-25ODQ	comments	sexuality	1.28046405164822	0.0142857142857143
UC3P0x8HufuxSNkOiH-25ODQ	transcript	sexuality	1.4313277443204	0.0142857142857143
UCA071Pllf2wk-B8Rkwt47bQ	comments	immigration	1.58173201601664	0
UCA071Pllf2wk-B8Rkwt47bQ	transcript	immigration	0.639491326561086	0.333333333333333
UCA071Pllf2wk-B8Rkwt47bQ	comments	religion	1.22653184851329	0.0571428571428571
UCA071Pllf2wk-B8Rkwt47bQ	transcript	religion	1.42984013559755	0.0142857142857143
UCA071Pllf2wk-B8Rkwt47bQ	comments	sexuality	1.40372697696403	0.0142857142857143
UCA071Pllf2wk-B8Rkwt47bQ	transcript	sexuality	1.51341220403579	0
UCBR8-60-B28hp2BmDPdntcQ	comments	immigration	-0.168957987222896	0.5
UCBR8-60-B28hp2BmDPdntcQ	transcript	immigration	0.94760533622135	0.166666666666667
UCBR8-60-B28hp2BmDPdntcQ	comments	religion	1.59267487414679	0
UCBR8-60-B28hp2BmDPdntcQ	transcript	religion	1.48608948603632	0
UCBR8-60-B28hp2BmDPdntcQ	comments	sexuality	0.919494994459227	0.0857142857142857
UCBR8-60-B28hp2BmDPdntcQ	transcript	sexuality	1.18826753947707	0.0571428571428571
UCC1L9FOMSaPgMyoLSnps47g	comments	immigration	1.41737131685894	0
UCC1L9FOMSaPgMyoLSnps47g	transcript	immigration	1.84107671909002	0
UCC1L9FOMSaPgMyoLSnps47g	comments	religion	1.49474884225578	0.0285714285714286
UCC1L9FOMSaPgMyoLSnps47g	transcript	religion	1.33592715221288	0.0285714285714286
UCC1L9FOMSaPgMyoLSnps47g	comments	sexuality	1.55874372428029	0
UCC1L9FOMSaPgMyoLSnps47g	transcript	sexuality	1.37213219764379	0.0142857142857143
UCeR_8eEz8qpG0z0jX8r1-wA	comments	immigration	0.604266575944263	0.166666666666667
UCeR_8eEz8qpG0z0jX8r1-wA	transcript	immigration	1.05488372396454	0.333333333333333
UCeR_8eEz8qpG0z0jX8r1-wA	comments	religion	1.43123658241629	0.0285714285714286
UCeR_8eEz8qpG0z0jX8r1-wA	transcript	religion	1.68744301064326	0
UCeR_8eEz8qpG0z0jX8r1-wA	comments	sexuality	1.50930779930834	0
UCeR_8eEz8qpG0z0jX8r1-wA	transcript	sexuality	1.2920292685363	0.0285714285714286
UCfwx98Wty7LhdlkxL5PZyLA	comments	immigration	1.70342974187681	0
UCfwx98Wty7LhdlkxL5PZyLA	transcript	immigration	1.1104425516841	0.166666666666667
UCfwx98Wty7LhdlkxL5PZyLA	comments	religion	1.56264316780826	0.0142857142857143
UCfwx98Wty7LhdlkxL5PZyLA	transcript	religion	1.44654810355634	0
UCfwx98Wty7LhdlkxL5PZyLA	comments	sexuality	0.229831025107436	0.385714285714286
UCfwx98Wty7LhdlkxL5PZyLA	transcript	sexuality	1.42200923556213	0
UCG-JtVoCTdSB6Wbre7W_mFQ	comments	immigration	0.973911469183384	0.166666666666667
UCG-JtVoCTdSB6Wbre7W_mFQ	transcript	immigration	1.62534717773334	0
UCG-JtVoCTdSB6Wbre7W_mFQ	comments	religion	1.35927525878676	0.0285714285714286
UCG-JtVoCTdSB6Wbre7W_mFQ	transcript	religion	1.60047583287172	0
UCG-JtVoCTdSB6Wbre7W_mFQ	comments	sexuality	1.04611416781305	0.0714285714285714
UCG-JtVoCTdSB6Wbre7W_mFQ	transcript	sexuality	1.50178821971788	0.0428571428571429
UCg8TRl7RaRKma8-pn8HNGIw	comments	immigration	1.40423982689464	0
UCg8TRl7RaRKma8-pn8HNGIw	transcript	immigration	1.44233052282455	0
UCg8TRl7RaRKma8-pn8HNGIw	comments	religion	1.58974460232517	0.0142857142857143
UCg8TRl7RaRKma8-pn8HNGIw	transcript	religion	1.68995476122934	0
UCg8TRl7RaRKma8-pn8HNGIw	comments	sexuality	1.69610213610501	0
UCg8TRl7RaRKma8-pn8HNGIw	transcript	sexuality	1.45250892342623	0.0285714285714286
UCglVbeKF9JGMCt-RTUAW_TQ	comments	immigration	0.399185688818083	0.166666666666667
UCglVbeKF9JGMCt-RTUAW_TQ	transcript	immigration	1.71149941343823	0
UCglVbeKF9JGMCt-RTUAW_TQ	comments	religion	1.80400270990206	0.0142857142857143
UCglVbeKF9JGMCt-RTUAW_TQ	transcript	religion	1.74533599973131	0.0142857142857143
UCglVbeKF9JGMCt-RTUAW_TQ	comments	sexuality	0.971452931401679	0.1
UCglVbeKF9JGMCt-RTUAW_TQ	transcript	sexuality	1.26812257352772	0.0285714285714286
UCittVh8imKanO_5KohzDbpg	comments	immigration	0.164653632153118	0.333333333333333
UCittVh8imKanO_5KohzDbpg	transcript	immigration	1.89065129027876	0
UCittVh8imKanO_5KohzDbpg	comments	religion	0.720368104250543	0.2
UCittVh8imKanO_5KohzDbpg	transcript	religion	1.74738643498036	0
UCittVh8imKanO_5KohzDbpg	comments	sexuality	0.944828598513948	0.157142857142857
UCittVh8imKanO_5KohzDbpg	transcript	sexuality	1.43382224074942	0.0428571428571429
UClsn7QZVdszxLlUs-GOG0Sg	comments	immigration	1.6917392096573	0
UClsn7QZVdszxLlUs-GOG0Sg	transcript	immigration	1.89487691967559	0
UClsn7QZVdszxLlUs-GOG0Sg	comments	religion	1.19494376433566	0.0714285714285714
UClsn7QZVdszxLlUs-GOG0Sg	transcript	religion	1.78048374788787	0
UClsn7QZVdszxLlUs-GOG0Sg	comments	sexuality	1.81532701969	0
UClsn7QZVdszxLlUs-GOG0Sg	transcript	sexuality	0.489840900082888	0.257142857142857
UCLXdnL5xWUUXFWnIc5lmmfQ	comments	immigration	1.56173856633121	0
UCLXdnL5xWUUXFWnIc5lmmfQ	transcript	immigration	1.76635954222858	0
UCLXdnL5xWUUXFWnIc5lmmfQ	comments	religion	1.74163929805232	0
UCLXdnL5xWUUXFWnIc5lmmfQ	transcript	religion	1.868115997703	0
UCLXdnL5xWUUXFWnIc5lmmfQ	comments	sexuality	1.62084918327078	0
UCLXdnL5xWUUXFWnIc5lmmfQ	transcript	sexuality	1.05741201988428	0.1
UCLXo7UDZvByw2ixzpQCufnA	comments	immigration	1.73924979105953	0
UCLXo7UDZvByw2ixzpQCufnA	transcript	immigration	0.498607084621937	0.333333333333333
UCLXo7UDZvByw2ixzpQCufnA	comments	religion	0.474800646394918	0.285714285714286
UCLXo7UDZvByw2ixzpQCufnA	transcript	religion	1.47725061709767	0
UCLXo7UDZvByw2ixzpQCufnA	comments	sexuality	1.81769907954901	0
UCLXo7UDZvByw2ixzpQCufnA	transcript	sexuality	1.35464427340803	0.0142857142857143
UCt-WqkTyKK1_70U4bb4k4lQ	comments	immigration	1.24908368686203	0.166666666666667
UCt-WqkTyKK1_70U4bb4k4lQ	transcript	immigration	1.7573032137632	0
UCt-WqkTyKK1_70U4bb4k4lQ	comments	religion	1.77195886589707	0
UCt-WqkTyKK1_70U4bb4k4lQ	transcript	religion	1.43593992006978	0.0285714285714286
UCt-WqkTyKK1_70U4bb4k4lQ	comments	sexuality	1.31749489962335	0.0142857142857143
UCt-WqkTyKK1_70U4bb4k4lQ	transcript	sexuality	1.38697797826932	0.0142857142857143
UCUJNY4nfdomMppNDZNZc4nA	comments	immigration	1.710936940734	0
UCUJNY4nfdomMppNDZNZc4nA	transcript	immigration	1.57283623341404	0
UCUJNY4nfdomMppNDZNZc4nA	comments	religion	1.3426905988227	0.0285714285714286
UCUJNY4nfdomMppNDZNZc4nA	transcript	religion	1.5755204794446	0
UCUJNY4nfdomMppNDZNZc4nA	comments	sexuality	1.79499353821413	0
UCUJNY4nfdomMppNDZNZc4nA	transcript	sexuality	1.0989030467744	0.0857142857142857
UCULkRHBdLC5ZcEQBaL0oYHQ	comments	immigration	1.88928933724418	0
UCULkRHBdLC5ZcEQBaL0oYHQ	transcript	immigration	1.65184220800262	0
UCULkRHBdLC5ZcEQBaL0oYHQ	comments	religion	1.3275091086663	0.0285714285714286
UCULkRHBdLC5ZcEQBaL0oYHQ	transcript	religion	1.39729073742597	0.0142857142857143
UCULkRHBdLC5ZcEQBaL0oYHQ	comments	sexuality	0.735650255495018	0.171428571428571
UCULkRHBdLC5ZcEQBaL0oYHQ	transcript	sexuality	1.77036357661305	0
UCvsye7V9psc-APX6wV1twLg	comments	immigration	1.8050862710975	0
UCvsye7V9psc-APX6wV1twLg	transcript	immigration	1.48532820260267	0
UCvsye7V9psc-APX6wV1twLg	comments	religion	1.32993271076086	0.0285714285714286
UCvsye7V9psc-APX6wV1twLg	transcript	religion	1.53733325933758	0.0142857142857143
UCvsye7V9psc-APX6wV1twLg	comments	sexuality	1.3705208059736	0.0285714285714286
UCvsye7V9psc-APX6wV1twLg	transcript	sexuality	1.4796234626621	0.0428571428571429
UCXXjBMQdTJfrSpDRg41ridQ	comments	immigration	1.50511872543791	0
UCXXjBMQdTJfrSpDRg41ridQ	transcript	immigration	1.9700361963511	0
UCXXjBMQdTJfrSpDRg41ridQ	comments	religion	1.49886373510642	0.0142857142857143
UCXXjBMQdTJfrSpDRg41ridQ	transcript	religion	1.73580741478587	0
UCXXjBMQdTJfrSpDRg41ridQ	comments	sexuality	1.31713954322444	0.0285714285714286
UCXXjBMQdTJfrSpDRg41ridQ	transcript	sexuality	1.47135042451527	0.0428571428571429
UCZaT_X_mc0BI-djXOlfhqWQ	comments	immigration	0.745379546104648	0.333333333333333
UCZaT_X_mc0BI-djXOlfhqWQ	transcript	immigration	1.59397392037505	0
UCZaT_X_mc0BI-djXOlfhqWQ	comments	religion	1.45193711706756	0.0285714285714286
UCZaT_X_mc0BI-djXOlfhqWQ	transcript	religion	1.57684499846869	0
UCZaT_X_mc0BI-djXOlfhqWQ	comments	sexuality	0.627998276746581	0.2
UCZaT_X_mc0BI-djXOlfhqWQ	transcript	sexuality	1.46789870533298	0
UCzUV5283-l5c0oKRtyenj6Q	comments	immigration	1.99873733002019	0
UCzUV5283-l5c0oKRtyenj6Q	transcript	immigration	0.629525874923222	0.166666666666667
UCzUV5283-l5c0oKRtyenj6Q	comments	religion	1.76015266450624	0
UCzUV5283-l5c0oKRtyenj6Q	transcript	religion	1.65937312812179	0.0142857142857143
UCzUV5283-l5c0oKRtyenj6Q	comments	sexuality	0.970361705981558	0.128571428571429
UCzUV5283-l5c0oKRtyenj6Q	transcript	sexuality	1.25598841830289	0.0285714285714286
wiki	wikipedia	immigration	1.75280451778057	0
wiki	wikipedia	religion	1.40277884300328	0.0142857142857143
wiki	wikipedia	sexuality	1.81777065360118	0
