channel_id, type, channel_type, immigration_d, immigration_p, religion_d, religion_p, sexuality_d, sexuality_p, channel_name
UCBR8-60-B28hp2BmDPdntcQ,transcript,general,0.9476053362213505,0.16666666666666666,1.4860894860363205,0.0,1.1882675394770703,0.05714285714285714,YouTube Spotlight
UCA071Pllf2wk-B8Rkwt47bQ,transcript,general,0.6394913265610859,0.3333333333333333,1.4298401355975467,0.014285714285714285,1.513412204035788,0.0,Anonymous Official
UCittVh8imKanO_5KohzDbpg,transcript,altright,1.8906512902787622,0.0,1.747386434980356,0.0,1.4338222407494243,0.04285714285714286,Paul Joseph Watson
UCt-WqkTyKK1_70U4bb4k4lQ,transcript,general,1.7573032137631954,0.0,1.435939920069782,0.02857142857142857,1.386977978269316,0.014285714285714285,TomoNews US
UClsn7QZVdszxLlUs-GOG0Sg,transcript,altright,1.8948769196755912,0.0,1.7804837478878668,0.0,0.48984090008288755,0.2571428571428571,War Room
UCZaT_X_mc0BI-djXOlfhqWQ,transcript,general,1.5939739203750531,0.0,1.5768449984686896,0.0,1.4678987053329802,0.0,VICE News
UCg8TRl7RaRKma8-pn8HNGIw,transcript,altright,1.4423305228245487,0.0,1.6899547612293377,0.0,1.4525089234262316,0.02857142857142857,PlanetInfoWarsHD
UCeR_8eEz8qpG0z0jX8r1-wA,transcript,altright,1.0548837239645374,0.3333333333333333,1.6874430106432612,0.0,1.2920292685363028,0.02857142857142857,THElNFOWARRlOR
UCG-JtVoCTdSB6Wbre7W_mFQ,transcript,altright,1.6253471777333364,0.0,1.6004758328717241,0.0,1.5017882197178791,0.04285714285714286,Resistance News
UC1yBKRuGpC1tSM73A0ZjYjQ,transcript,general,1.8739499684415124,0.0,1.592463080220683,0.0,0.10177042799954532,0.44285714285714284,The Young Turks
UCfwx98Wty7LhdlkxL5PZyLA,transcript,general,1.1104425516841023,0.16666666666666666,1.4465481035563357,0.0,1.422009235562126,0.0,Barcroft TV
UC11PvrGPzo6Y7Zc6-e9cAKg,transcript,general,1.8356831762917278,0.0,1.6210737694864144,0.014285714285714285,1.2773717713874675,0.02857142857142857,DramaAlert
UCXXjBMQdTJfrSpDRg41ridQ,transcript,altright,1.9700361963511048,0.0,1.7358074147858717,0.0,1.4713504245152746,0.04285714285714286,David Knight InfoWars
UC3P0x8HufuxSNkOiH-25ODQ,transcript,altright,1.955635847793147,0.0,1.4404803852169445,0.0,1.4313277443204047,0.014285714285714285,Jon Bowne Reports
UC_gE-kg7JvuwCNlbZ1-shlA,transcript,general,1.5914386646657595,0.0,1.535232329103145,0.0,1.560940739650644,0.014285714285714285,SourceFed
UCLXo7UDZvByw2ixzpQCufnA,transcript,general,0.4986070846219368,0.3333333333333333,1.4772506170976731,0.0,1.3546442734080266,0.014285714285714285,Vox
UCLXdnL5xWUUXFWnIc5lmmfQ,transcript,altright,1.7663595422285785,0.0,1.8681159977029989,0.0,1.057412019884285,0.1,Owen Shroyer
UCglVbeKF9JGMCt-RTUAW_TQ,transcript,altright,1.711499413438226,0.0,1.7453359997313056,0.014285714285714285,1.268122573527721,0.02857142857142857,Millennial Millie
UCvsye7V9psc-APX6wV1twLg,transcript,altright,1.4853282026026677,0.0,1.5373332593375786,0.014285714285714285,1.4796234626620957,0.04285714285714286,The Alex Jones Channel
UCC1L9FOMSaPgMyoLSnps47g,transcript,altright,1.8410767190900221,0.0,1.335927152212881,0.02857142857142857,1.3721321976437861,0.014285714285714285,Real News with David Knight
UCULkRHBdLC5ZcEQBaL0oYHQ,transcript,general,1.6518422080026207,0.0,1.3972907374259722,0.014285714285714285,1.7703635766130488,0.0,YouTube Spotlight UK
UCUJNY4nfdomMppNDZNZc4nA,transcript,altright,1.5728362334140358,0.0,1.575520479444596,0.0,1.0989030467743999,0.08571428571428572,Infowars Live
UCzUV5283-l5c0oKRtyenj6Q,transcript,altright,0.6295258749232221,0.16666666666666666,1.6593731281217892,0.014285714285714285,1.2559884183028858,0.02857142857142857,Mark Dice
UCC1L9FOMSaPgMyoLSnps47g,comments,altright,1.417371316858943,0.0,1.4947488422557782,0.02857142857142857,1.5587437242802913,0.0,Real News with David Knight
UCBR8-60-B28hp2BmDPdntcQ,comments,general,-0.1689579872228962,0.5,1.5926748741467895,0.0,0.9194949944592269,0.08571428571428572,YouTube Spotlight
UCUJNY4nfdomMppNDZNZc4nA,comments,altright,1.7109369407339974,0.0,1.3426905988226974,0.02857142857142857,1.7949935382141295,0.0,Infowars Live
UCeR_8eEz8qpG0z0jX8r1-wA,comments,altright,0.6042665759442628,0.16666666666666666,1.4312365824162894,0.02857142857142857,1.5093077993083361,0.0,THElNFOWARRlOR
UCXXjBMQdTJfrSpDRg41ridQ,comments,altright,1.5051187254379075,0.0,1.4988637351064236,0.014285714285714285,1.3171395432244417,0.02857142857142857,David Knight InfoWars
UCZaT_X_mc0BI-djXOlfhqWQ,comments,general,0.7453795461046483,0.3333333333333333,1.451937117067556,0.02857142857142857,0.6279982767465806,0.2,VICE News
UCg8TRl7RaRKma8-pn8HNGIw,comments,altright,1.4042398268946445,0.0,1.5897446023251667,0.014285714285714285,1.6961021361050077,0.0,PlanetInfoWarsHD
UCt-WqkTyKK1_70U4bb4k4lQ,comments,general,1.2490836868620325,0.16666666666666666,1.7719588658970713,0.0,1.3174948996233526,0.014285714285714285,TomoNews US
UClsn7QZVdszxLlUs-GOG0Sg,comments,altright,1.6917392096572952,0.0,1.1949437643356613,0.07142857142857142,1.8153270196900035,0.0,War Room
UCittVh8imKanO_5KohzDbpg,comments,altright,0.16465363215311837,0.3333333333333333,0.7203681042505425,0.2,0.9448285985139481,0.15714285714285714,Paul Joseph Watson
UCLXo7UDZvByw2ixzpQCufnA,comments,general,1.7392497910595284,0.0,0.47480064639491776,0.2857142857142857,1.8176990795490144,0.0,Vox
UCLXdnL5xWUUXFWnIc5lmmfQ,comments,altright,1.561738566331206,0.0,1.7416392980523152,0.0,1.620849183270778,0.0,Owen Shroyer
UCG-JtVoCTdSB6Wbre7W_mFQ,comments,altright,0.9739114691833844,0.16666666666666666,1.3592752587867647,0.02857142857142857,1.0461141678130486,0.07142857142857142,Resistance News
UC_gE-kg7JvuwCNlbZ1-shlA,comments,general,1.2607569324531416,0.0,0.5898777341575501,0.22857142857142856,0.18280686334864843,0.4,SourceFed
UC11PvrGPzo6Y7Zc6-e9cAKg,comments,general,-1.3434708506591977,0.6666666666666666,1.1915191824540665,0.04285714285714286,0.8979554571783009,0.08571428571428572,DramaAlert
UCglVbeKF9JGMCt-RTUAW_TQ,comments,altright,0.39918568881808253,0.16666666666666666,1.804002709902057,0.014285714285714285,0.9714529314016791,0.1,Millennial Millie
UCA071Pllf2wk-B8Rkwt47bQ,comments,general,1.5817320160166426,0.0,1.226531848513292,0.05714285714285714,1.4037269769640297,0.014285714285714285,Anonymous Official
UCvsye7V9psc-APX6wV1twLg,comments,altright,1.805086271097496,0.0,1.3299327107608592,0.02857142857142857,1.370520805973598,0.02857142857142857,The Alex Jones Channel
UCULkRHBdLC5ZcEQBaL0oYHQ,comments,general,1.889289337244184,0.0,1.3275091086662973,0.02857142857142857,0.7356502554950182,0.17142857142857143,YouTube Spotlight UK
UC3P0x8HufuxSNkOiH-25ODQ,comments,altright,1.6432647017656763,0.0,1.1534810072978747,0.04285714285714286,1.2804640516482182,0.014285714285714285,Jon Bowne Reports
UCzUV5283-l5c0oKRtyenj6Q,comments,altright,1.9987373300201898,0.0,1.7601526645062353,0.0,0.9703617059815578,0.12857142857142856,Mark Dice
UC1yBKRuGpC1tSM73A0ZjYjQ,comments,general,0.9535505311291121,0.16666666666666666,0.9464847733464101,0.1,0.8408365071635885,0.11428571428571428,The Young Turks
UCfwx98Wty7LhdlkxL5PZyLA,comments,general,1.7034297418768118,0.0,1.5626431678082582,0.014285714285714285,0.22983102510743647,0.38571428571428573,Barcroft TV
wiki,wikipedia,wikipedia,1.7528045177805667,0.0,1.4027788430032766,0.014285714285714285,1.817770653601175,0.0, wikipedia
